<?xml version="1.0" encoding="UTF-8" standalone="yes"?>
<manifest>
  <control namespace="JAKitControls" constructor="DSSharePointDataCard" version="0.0.19" display-name-key="SharePointDocumentCard" description-key="DSSharePointDataCard_Desc_Key" control-type="standard" api-version="1.1.0">
    <data-set name="sampleDataSet" display-name-key="Dataset_Display_Key">
      <property-set name="documentName" display-name-key="DocumentName_Display_Key" description-key="Property_Desc_Key" of-type="SingleLine.Text" usage="bound" required="true"/>
      <property-set name="author" display-name-key="AuthorName_Display_Key" description-key="Property_Desc_Key" of-type="SingleLine.Text" usage="bound" required="true"/>
      <property-set name="urlAbsolute" display-name-key="AbsoluteURL_Display_Key" description-key="Property_Desc_Key" of-type="SingleLine.Text" usage="bound" required="true"/>
      <property-set name="created" display-name-key="DateCreated_Display_Key" description-key="Property_Desc_Key" of-type="DateAndTime.DateAndTime" usage="bound" required="true"/>
    </data-set>
    <resources>
      <code path="bundle.js" order="1"/>
      <css path="css/DSSharePointDataCard.css" order="1"/>
    </resources>
    <built-by name="pac" version="0.3.4"/>
  </control>
</manifest>