<?xml version="1.0" encoding="UTF-8" standalone="yes"?>
<manifest>
  <control namespace="JAKitControls" constructor="RichTextControl" version="0.0.1" display-name-key="RichTextControl_Display_Key" description-key="RichTextControl_Desc_Key" control-type="standard" preview-image="preview.png">
    <modes>
      <read/>
      <edit/>
    </modes>
    <property name="fieldControl" display-name-key="PropertyMultilineField_Display_Key" description-key="PropertyMultilineField_Desc_Key" of-type="Multiple" usage="bound" required="true"/>
    <resources>
      <code path="bundle.js" order="1"/>
      <css path="quill.core.css" order="1"/>
      <css path="quill.snow.css" order="1"/>
      <css path="quill.bubble.css" order="1"/>
      <css path="RichTextControl.css" order="1"/>
      <resx path="RichTextControl.1033.resx" version="1.0.0"/>
      <resx path="RichTextControl.3082.resx" version="1.0.0"/>
      <img path="preview.png"/>
    </resources>
  </control>
</manifest>