<?xml version="1.0" encoding="UTF-8" standalone="yes"?>
<manifest>
  <control namespace="JAKitControls" constructor="RichTextControl" version="0.0.7" display-name-key="RichTextControl_Display_Key" description-key="RichTextControl_Desc_Key" control-type="standard" preview-image="imgs/preview.png" api-version="1.1.0">
    <property name="fieldControl" display-name-key="PropertyMultilineField_Display_Key" description-key="PropertyMultilineField_Desc_Key" of-type="Multiple" usage="bound" required="true"/>
    <property name="secondField" display-name-key="PlainTextField_Display_Key" description-key="PlainTextField_Desc_Key" of-type="Multiple" usage="bound" required="false"/>
    <property name="enableImages" display-name-key="PropertyEnableImage_Display_Key" description-key="PropertyEnableImage_Desc_Key" of-type="Enum" usage="input" required="false">
      <value name="NO" display-name-key="NO" description-key="To_No" default="true">No</value>
      <value name="YES" display-name-key="YES" description-key="To_Yes">Yes</value>
    </property>
    <property name="enableVideo" display-name-key="PropertyEnableVideo_Display_Key" description-key="PropertyEnableVideo_Desc_Key" of-type="Enum" usage="input" required="false">
      <value name="NO" display-name-key="NO" description-key="To_No" default="true">No</value>
      <value name="YES" display-name-key="YES" description-key="To_Yes">Yes</value>
    </property>
    <resources>
      <code path="bundle.js" order="1"/>
      <css path="quill.core.css" order="1"/>
      <css path="quill.snow.css" order="1"/>
      <css path="quill.bubble.css" order="1"/>
      <css path="css/RichTextControl.css" order="1"/>
      <resx path="strings/RichTextControl.1033.resx" version="1.0.0"/>
      <resx path="strings/RichTextControl.3082.resx" version="1.0.0"/>
      <img path="imgs/preview1.png"/>
    </resources>
    <built-by name="pac" version="0.3.4"/>
  </control>
</manifest>